"Name","Gross Import","Share"
"Malaysia","2999","47.671276426641235"
"Singapore","1690","26.863773644889527"
"Thailand","1602","25.464949928469245"