"Name","Gross Import","Share"
"Australia","240682","60.14854578079001"
"New Zealand","65806","16.44549739345139"
"Singapore","59667","14.911307372808924"
"United States of America","33991","8.494649452949673"