"Name","Gross Import","Share"
"China","23521","6.123904864808571"
"United Kingdom","52445","13.654529596313317"
"South Korea","308119","80.22156553887811"