"Name","Gross Import","Share"
"Singapore","2022","39.170864006199146"
"Thailand","3140","60.829135993800854"