"Name","Gross Import","Share"
"China","12917","6.8640996482129"
"South Korea","3223","1.7127036592235176"
"Malaysia","12199","6.482554123136112"
"Singapore","159843","84.94064256942747"