"Name","Gross Import","Share"
"China","34156","1.4598421595884952"
"Thailand","2305549","98.5401578404115"