"Name","Gross Import","Share"
"Australia","15430878","95.1834780753355"
"France","15386","0.09490665363740884"
"Singapore","765455","4.721615271027089"