"Name","Gross Import","Share"
"Australia","82750","47.126561156323504"
"Spain","5731","3.2638347067902114"
"Japan","12260","6.9821346196559055"
"Singapore","74850","42.62746951723038"