"Name","Gross Import","Share"
"Indonesia","8961","7.127687498508603"
"Thailand","18645","14.830457918724797"
"Vietnam","98115","78.0418545827666"