"Name","Gross Import","Share"
"Australia","103927","72.80044271344111"
"Japan","21171","14.830199781445263"
"Singapore","17658","12.369357505113621"