"Name","Gross Import","Share"
"Indonesia","8232","10.794932990637047"
"Thailand","17426","22.851372970704713"
"Vietnam","50600","66.35369403865823"