"Name","Gross Import","Share"
"Singapore","3476","49.67133466704773"
"Thailand","2476","35.38153758216633"
"Vietnam","1046","14.947127750785938"