"Name","Gross Import","Share"
"Malaysia","4591","2.828503129774755"
"Singapore","157721","97.17149687022525"