"Name","Gross Import","Share"
"United Arab Emirates","80408","65.08292390750078"
"China","25280","20.461848527281116"
"Japan","15332","12.409852121055145"
"Vietnam","2527","2.04537544416295"