"Name","Gross Import","Share"
"Philippines","2118974","98.63487472193142"
"Singapore","3947","0.1837265820757892"
"Thailand","13358","0.6217936871974644"
"Vietnam","12022","0.5596050087953225"