"Name","Gross Import","Share"
"Australia","13102573","95.61956462087792"
"Japan","248666","1.8147072835247877"
"United States of America","67033","0.4891914187565534"
"Vietnam","284544","2.076536676840731"