"Name","Gross Import","Share"
"China","3023","6.519441868489724"
"Indonesia","2684","5.788349975198948"
"Thailand","13648","29.433457698031013"
"Vietnam","27014","58.25875045828032"