"Name","Gross Import","Share"
"Australia","31101852","15.107090409794429"
"Canada","674554","0.3276508506402922"
"New Zealand","16471130","8.000515533977763"
"United States of America","157628322","76.56474320558752"