"Name","Gross Import","Share"
"Philippines","1464088","98.02462787695703"
"Thailand","12505","0.8372433703447795"
"Vietnam","14491","0.9702114098093724"
"Undeclared","2508","0.16791734288882104"