"Name","Gross Import","Share"
"Malaysia","20426","1.1125163260926636"
"Philippines","1773854","96.61419441421599"
"Thailand","12086","0.6582724134512843"
"Vietnam","29652","1.6150168462400698"