"Name","Gross Import","Share"
"China","18666","34.94393170713443"
"Singapore","3007","5.629294044966958"
"Thailand","31744","59.42677424789861"