"Name","Gross Import","Share"
"France","996","0.029007024884008307"
"Philippines","3414223","99.43418827364809"
"Vietnam","18432","0.5368047014679128"