"Name","Gross Import","Share"
"India","772571","88.39414329633516"
"Malaysia","49341","5.6453781262621465"
"Pakistan","1506","0.17230983275877654"
"Singapore","47287","5.410368566842142"
"Thailand","3302","0.3778001778017796"