"Name","Gross Import","Share"
"China","1629","0.07955977899084599"
"Indonesia","1993","0.09733740916436835"
"Singapore","1253","0.06119607309731739"
"Thailand","2042642","99.76190673874747"