"Name","Gross Import","Share"
"United Arab Emirates","255263","77.20549983667445"
"Costa Rica","22330","6.753813954051078"
"South Korea","37927","11.47120026132088"
"Taiwan","15108","4.569485947953591"