"Name","Gross Import","Share"
"United Arab Emirates","5257","0.7160564454614797"
"Costa Rica","682878","93.01487414187642"
"South Korea","13093","1.7833987141767462"
"Vietnam","32932","4.485670698485344"