"Name","Gross Import","Share"
"Costa Rica","11723","60.28799177166366"
"Jordan","6340","32.6047827204937"
"South Korea","1382","7.107225507842633"