"Name","Gross Import","Share"
"China","21669","22.077882381709255"
"Malaysia","1070","1.0901903248155846"
"Singapore","72793","74.16656477972042"
"Thailand","2616","2.6653625137547374"