"Name","Gross Import","Share"
"China","1871588","42.17605121371853"
"Thailand","2565973","57.82394878628148"