"Name","Gross Import","Share"
"Canada","52664","46.98576972833118"
"China","22889","20.42110897979212"
"United States of America","36532","32.593121291876706"